{"stats":{"minecraft:used":{"minecraft:sand":4},"minecraft:killed_by":{"minecraft:skeleton":1},"minecraft:custom":{"minecraft:jump":51,"minecraft:open_chest":1,"minecraft:time_since_rest":5440,"minecraft:leave_game":1,"minecraft:damage_dealt":62,"minecraft:crouch_one_cm":116,"minecraft:deaths":1,"minecraft:damage_taken":270,"minecraft:sprint_one_cm":1915,"minecraft:play_time":6122,"minecraft:walk_on_water_one_cm":3472,"minecraft:time_since_death":5140,"minecraft:walk_one_cm":861,"minecraft:sneak_time":56,"minecraft:total_world_time":6122,"minecraft:walk_under_water_one_cm":1964,"minecraft:swim_one_cm":2082,"minecraft:fall_one_cm":418,"minecraft:fly_one_cm":291685}},"DataVersion":3955}