{"stats":{"minecraft:used":{"minecraft:sand":13},"minecraft:custom":{"minecraft:jump":37,"minecraft:time_since_rest":5971,"minecraft:leave_game":4,"minecraft:play_time":5971,"minecraft:sprint_one_cm":2690,"minecraft:time_since_death":5971,"minecraft:walk_one_cm":890,"minecraft:sneak_time":108,"minecraft:total_world_time":5971,"minecraft:fall_one_cm":627,"minecraft:fly_one_cm":119693},"minecraft:picked_up":{"minecraft:sand":1,"minecraft:wheat_seeds":2},"minecraft:mined":{"minecraft:tall_grass":9,"minecraft:short_grass":11,"minecraft:sand":1}},"DataVersion":3955}