{"stats":{"minecraft:picked_up":{"deeperdarker:sculk_bone":3,"minecraft:iron_ingot":4,"deeperdarker:sculk_stone":1,"minecraft:sand":3,"minecraft:poppy":1},"minecraft:killed":{"minecraft:iron_golem":1,"deeperdarker:shattered":2},"minecraft:custom":{"minecraft:time_since_rest":4324,"minecraft:crouch_one_cm":15,"minecraft:damage_taken":20,"minecraft:sprint_one_cm":13709,"minecraft:play_time":24273,"minecraft:deaths":2,"minecraft:walk_one_cm":10247,"minecraft:sneak_time":1090,"minecraft:walk_under_water_one_cm":334,"minecraft:mob_kills":3,"minecraft:drop":1,"minecraft:jump":193,"minecraft:damage_dealt":1002,"minecraft:leave_game":5,"minecraft:walk_on_water_one_cm":2230,"minecraft:time_since_death":4293,"minecraft:climb_one_cm":133,"minecraft:total_world_time":24273,"minecraft:swim_one_cm":539,"minecraft:fall_one_cm":4433,"minecraft:fly_one_cm":392881},"minecraft:used":{"deeperdarker:blooming_moss_block":1,"minecraft:sand":19,"minecraft:flint_and_steel":1,"minecraft:grass_block":2,"deeperdarker:warden_sword":11,"minecraft:painting":13,"minecraft:stone":2,"deeperdarker:sculk_stone_diamond_ore":6,"minecraft:sculk":2,"deeperdarker:sonorous_staff":5,"minecraft:sheep_spawn_egg":10},"minecraft:dropped":{"deeperdarker:sculk_stone":1},"minecraft:mined":{"minecraft:sand":3}},"DataVersion":3955}