{"stats":{"minecraft:dropped":{"minecraft:gunpowder":2,"minecraft:mutton":1,"deeperdarker:sculk_stone":1,"deeperdarker:resonarium":1},"minecraft:used":{"minecraft:mace":5,"minecraft:flint_and_steel":1,"minecraft:grass_block":71,"deeperdarker:warden_sword":11,"minecraft:stone":2,"minecraft:sculk":2,"deeperdarker:sonorous_staff":9,"minecraft:sheep_spawn_egg":10,"deeperdarker:blooming_moss_block":1,"minecraft:sand":55,"minecraft:painting":13,"deeperdarker:sculk_stone_diamond_ore":6},"minecraft:killed":{"minecraft:sheep":1,"deeperdarker:shattered":2,"minecraft:spider":3,"minecraft:iron_golem":1,"minecraft:creeper":4},"minecraft:mined":{"minecraft:sand":3},"minecraft:picked_up":{"minecraft:sand":3,"deeperdarker:resonarium":1,"minecraft:gunpowder":9,"minecraft:spider_eye":2,"minecraft:string":4,"deeperdarker:sculk_bone":3,"minecraft:iron_ingot":4,"deeperdarker:sculk_stone":1,"minecraft:poppy":1,"minecraft:mutton":2,"minecraft:white_wool":1},"minecraft:custom":{"minecraft:time_since_rest":14447,"minecraft:sprint_one_cm":21037,"minecraft:damage_taken":20,"minecraft:walk_one_cm":13925,"minecraft:mob_kills":11,"minecraft:drop":5,"minecraft:damage_dealt":2457,"minecraft:swim_one_cm":539,"minecraft:fly_one_cm":539050,"minecraft:crouch_one_cm":15,"minecraft:play_time":34396,"minecraft:deaths":2,"minecraft:sneak_time":1114,"minecraft:walk_under_water_one_cm":334,"minecraft:jump":309,"minecraft:leave_game":9,"minecraft:walk_on_water_one_cm":2230,"minecraft:time_since_death":14416,"minecraft:climb_one_cm":133,"minecraft:total_world_time":34396,"minecraft:fall_one_cm":4433}},"DataVersion":3955}