{"stats":{"minecraft:custom":{"minecraft:time_since_rest":9526,"minecraft:crouch_one_cm":15,"minecraft:sprint_one_cm":9666,"minecraft:play_time":9526,"minecraft:damage_taken":20,"minecraft:walk_one_cm":7087,"minecraft:sneak_time":1026,"minecraft:walk_under_water_one_cm":334,"minecraft:mob_kills":3,"minecraft:drop":1,"minecraft:jump":137,"minecraft:damage_dealt":1002,"minecraft:leave_game":2,"minecraft:time_since_death":9526,"minecraft:walk_on_water_one_cm":2230,"minecraft:climb_one_cm":133,"minecraft:total_world_time":9526,"minecraft:swim_one_cm":539,"minecraft:fall_one_cm":4433,"minecraft:fly_one_cm":207683},"minecraft:dropped":{"deeperdarker:sculk_stone":1},"minecraft:mined":{"minecraft:sand":3},"minecraft:killed":{"minecraft:iron_golem":1,"deeperdarker:shattered":2},"minecraft:picked_up":{"deeperdarker:sculk_bone":3,"minecraft:iron_ingot":4,"deeperdarker:sculk_stone":1,"minecraft:sand":3,"minecraft:poppy":1},"minecraft:used":{"deeperdarker:blooming_moss_block":1,"minecraft:sand":3,"minecraft:flint_and_steel":1,"deeperdarker:warden_sword":11,"deeperdarker:sculk_stone_diamond_ore":6,"minecraft:sculk":2,"deeperdarker:sonorous_staff":5}},"DataVersion":3955}