{"stats":{"minecraft:used":{"minecraft:sand":1},"minecraft:custom":{"minecraft:jump":23,"minecraft:time_since_rest":2567,"minecraft:leave_game":2,"minecraft:play_time":2567,"minecraft:sprint_one_cm":2384,"minecraft:time_since_death":2567,"minecraft:walk_one_cm":811,"minecraft:sneak_time":6,"minecraft:total_world_time":2567,"minecraft:fall_one_cm":627,"minecraft:fly_one_cm":4734},"minecraft:picked_up":{"minecraft:sand":1,"minecraft:wheat_seeds":2},"minecraft:mined":{"minecraft:tall_grass":9,"minecraft:short_grass":11,"minecraft:sand":1}},"DataVersion":3955}