{"stats":{"minecraft:dropped":{"minecraft:furnace":1,"deeperdarker:sculk_stone_gold_ore":1,"deeperdarker:sculk_stone_lapis_ore":2},"minecraft:killed":{"deeperdarker:shattered":1},"minecraft:used":{"minecraft:glass":4,"minecraft:netherite_sword":5,"minecraft:crafting_table":1,"minecraft:furnace":1,"deeperdarker:angler_fish_spawn_egg":1},"minecraft:mined":{"deeperdarker:sculk_vines_plant":2},"minecraft:picked_up":{"deeperdarker:sculk_stone_gold_ore":1,"deeperdarker:sculk_vines":6,"deeperdarker:sculk_bone":1,"deeperdarker:sculk_stone_lapis_ore":2},"minecraft:custom":{"minecraft:time_since_rest":13207,"minecraft:sprint_one_cm":6791,"minecraft:crouch_one_cm":954,"minecraft:interact_with_furnace":3,"minecraft:play_time":13207,"minecraft:damage_taken":22,"minecraft:walk_one_cm":12490,"minecraft:sneak_time":390,"minecraft:mob_kills":1,"minecraft:drop":4,"minecraft:jump":69,"minecraft:damage_dealt":457,"minecraft:leave_game":1,"minecraft:time_since_death":13207,"minecraft:total_world_time":13207,"minecraft:interact_with_crafting_table":1,"minecraft:fall_one_cm":753,"minecraft:fly_one_cm":99664}},"DataVersion":3955}