{"stats":{"minecraft:picked_up":{"deeperdarker:sculk_stone_lapis_ore":2},"minecraft:custom":{"minecraft:jump":58,"minecraft:time_since_rest":10017,"minecraft:damage_dealt":18,"minecraft:crouch_one_cm":8,"minecraft:sprint_one_cm":6652,"minecraft:play_time":10017,"minecraft:damage_taken":10,"minecraft:time_since_death":10017,"minecraft:walk_one_cm":6196,"minecraft:sneak_time":281,"minecraft:total_world_time":10017,"minecraft:interact_with_crafting_table":1,"minecraft:drop":2,"minecraft:fall_one_cm":753,"minecraft:fly_one_cm":92926},"minecraft:used":{"minecraft:crafting_table":1,"deeperdarker:angler_fish_spawn_egg":1},"minecraft:dropped":{"deeperdarker:sculk_stone_lapis_ore":2}},"DataVersion":3955}