{"stats":{"minecraft:picked_up":{"deeperdarker:sculk_stone_lapis_ore":2},"minecraft:dropped":{"deeperdarker:sculk_stone_lapis_ore":2,"minecraft:furnace":1},"minecraft:custom":{"minecraft:jump":58,"minecraft:time_since_rest":11161,"minecraft:damage_dealt":18,"minecraft:crouch_one_cm":76,"minecraft:interact_with_furnace":3,"minecraft:play_time":11161,"minecraft:sprint_one_cm":6652,"minecraft:damage_taken":10,"minecraft:time_since_death":11161,"minecraft:walk_one_cm":6389,"minecraft:sneak_time":314,"minecraft:total_world_time":11161,"minecraft:interact_with_crafting_table":1,"minecraft:fall_one_cm":753,"minecraft:drop":3,"minecraft:fly_one_cm":96825},"minecraft:used":{"minecraft:crafting_table":1,"minecraft:furnace":1,"deeperdarker:angler_fish_spawn_egg":1}},"DataVersion":3955}