{
  "minecraft:recipes/decorations/crafting_table": {
    "criteria": {
      "unlock_right_away": "2024-10-10 17:43:05 +0000"
    },
    "done": true
  },
  "minecraft:adventure/adventuring_time": {
    "criteria": {
      "minecraft:desert": "2024-10-10 17:43:05 +0000",
      "minecraft:forest": "2024-10-10 18:15:26 +0000",
      "minecraft:deep_dark": "2024-10-10 17:58:29 +0000",
      "minecraft:river": "2024-10-10 18:08:52 +0000",
      "minecraft:lush_caves": "2024-10-10 17:58:13 +0000",
      "minecraft:dripstone_caves": "2024-10-10 18:16:49 +0000",
      "minecraft:savanna": "2024-10-10 18:08:29 +0000",
      "minecraft:wooded_badlands": "2024-10-10 17:57:59 +0000"
    },
    "done": false
  },
  "minecraft:recipes/building_blocks/lime_concrete_powder": {
    "criteria": {
      "has_sand": "2024-10-10 17:43:19 +0000"
    },
    "done": true
  },
  "minecraft:recipes/building_blocks/light_gray_concrete_powder": {
    "criteria": {
      "has_sand": "2024-10-10 17:43:19 +0000"
    },
    "done": true
  },
  "minecraft:recipes/building_blocks/pink_concrete_powder": {
    "criteria": {
      "has_sand": "2024-10-10 17:43:19 +0000"
    },
    "done": true
  },
  "minecraft:recipes/building_blocks/orange_concrete_powder": {
    "criteria": {
      "has_sand": "2024-10-10 17:43:19 +0000"
    },
    "done": true
  },
  "minecraft:recipes/building_blocks/red_concrete_powder": {
    "criteria": {
      "has_sand": "2024-10-10 17:43:19 +0000"
    },
    "done": true
  },
  "minecraft:recipes/building_blocks/magenta_concrete_powder": {
    "criteria": {
      "has_sand": "2024-10-10 17:43:19 +0000"
    },
    "done": true
  },
  "minecraft:recipes/building_blocks/brown_concrete_powder": {
    "criteria": {
      "has_sand": "2024-10-10 17:43:19 +0000"
    },
    "done": true
  },
  "minecraft:recipes/building_blocks/light_blue_concrete_powder": {
    "criteria": {
      "has_sand": "2024-10-10 17:43:19 +0000"
    },
    "done": true
  },
  "minecraft:recipes/building_blocks/glass": {
    "criteria": {
      "has_smelts_to_glass": "2024-10-10 17:43:19 +0000"
    },
    "done": true
  },
  "minecraft:recipes/building_blocks/green_concrete_powder": {
    "criteria": {
      "has_sand": "2024-10-10 17:43:19 +0000"
    },
    "done": true
  },
  "minecraft:recipes/building_blocks/blue_concrete_powder": {
    "criteria": {
      "has_sand": "2024-10-10 17:43:19 +0000"
    },
    "done": true
  },
  "minecraft:recipes/building_blocks/yellow_concrete_powder": {
    "criteria": {
      "has_sand": "2024-10-10 17:43:19 +0000"
    },
    "done": true
  },
  "minecraft:recipes/building_blocks/sandstone": {
    "criteria": {
      "has_sand": "2024-10-10 17:43:19 +0000"
    },
    "done": true
  },
  "minecraft:recipes/building_blocks/white_concrete_powder": {
    "criteria": {
      "has_sand": "2024-10-10 17:43:19 +0000"
    },
    "done": true
  },
  "minecraft:recipes/building_blocks/gray_concrete_powder": {
    "criteria": {
      "has_sand": "2024-10-10 17:43:19 +0000"
    },
    "done": true
  },
  "minecraft:recipes/building_blocks/black_concrete_powder": {
    "criteria": {
      "has_sand": "2024-10-10 17:43:19 +0000"
    },
    "done": true
  },
  "minecraft:recipes/building_blocks/purple_concrete_powder": {
    "criteria": {
      "has_sand": "2024-10-10 17:43:19 +0000"
    },
    "done": true
  },
  "minecraft:recipes/building_blocks/cyan_concrete_powder": {
    "criteria": {
      "has_sand": "2024-10-10 17:43:19 +0000"
    },
    "done": true
  },
  "deeperdarker:recipes/misc/diamond_from_blasting_sculk_stone_diamond_ore": {
    "criteria": {
      "has_sculk_stone_diamond_ore": "2024-10-10 17:56:17 +0000"
    },
    "done": true
  },
  "deeperdarker:recipes/misc/diamond_from_smelting_sculk_stone_diamond_ore": {
    "criteria": {
      "has_sculk_stone_diamond_ore": "2024-10-10 17:56:17 +0000"
    },
    "done": true
  },
  "deeperdarker:main/obtain_sonorous_staff": {
    "criteria": {
      "sonorous_staff": "2024-10-10 17:56:29 +0000"
    },
    "done": true
  },
  "deeperdarker:main/warden_armor": {
    "criteria": {
      "warden_armor": "2024-10-10 17:57:02 +0000"
    },
    "done": true
  },
  "deeperdarker:main/obtain_sculk_transmitter": {
    "criteria": {
      "sculk_transmitter": "2024-10-10 17:57:20 +0000"
    },
    "done": true
  },
  "minecraft:adventure/root": {
    "criteria": {
      "killed_something": "2024-10-10 17:57:35 +0000"
    },
    "done": true
  },
  "minecraft:recipes/combat/iron_leggings": {
    "criteria": {
      "has_iron_ingot": "2024-10-10 17:57:37 +0000"
    },
    "done": true
  },
  "minecraft:recipes/combat/iron_chestplate": {
    "criteria": {
      "has_iron_ingot": "2024-10-10 17:57:37 +0000"
    },
    "done": true
  },
  "minecraft:recipes/misc/iron_nugget": {
    "criteria": {
      "has_iron_ingot": "2024-10-10 17:57:37 +0000"
    },
    "done": true
  },
  "minecraft:recipes/misc/bucket": {
    "criteria": {
      "has_iron_ingot": "2024-10-10 17:57:37 +0000"
    },
    "done": true
  },
  "minecraft:recipes/combat/iron_helmet": {
    "criteria": {
      "has_iron_ingot": "2024-10-10 17:57:37 +0000"
    },
    "done": true
  },
  "minecraft:recipes/transportation/minecart": {
    "criteria": {
      "has_iron_ingot": "2024-10-10 17:57:37 +0000"
    },
    "done": true
  },
  "minecraft:recipes/tools/iron_hoe": {
    "criteria": {
      "has_iron_ingot": "2024-10-10 17:57:37 +0000"
    },
    "done": true
  },
  "minecraft:story/smelt_iron": {
    "criteria": {
      "iron": "2024-10-10 17:57:37 +0000"
    },
    "done": true
  },
  "minecraft:recipes/tools/shears": {
    "criteria": {
      "has_iron_ingot": "2024-10-10 17:57:37 +0000"
    },
    "done": true
  },
  "minecraft:recipes/decorations/chain": {
    "criteria": {
      "has_iron_ingot": "2024-10-10 17:57:37 +0000"
    },
    "done": true
  },
  "minecraft:recipes/building_blocks/iron_block": {
    "criteria": {
      "has_iron_ingot": "2024-10-10 17:57:37 +0000"
    },
    "done": true
  },
  "minecraft:recipes/misc/red_dye_from_poppy": {
    "criteria": {
      "has_poppy": "2024-10-10 17:57:37 +0000"
    },
    "done": true
  },
  "minecraft:recipes/decorations/smithing_table": {
    "criteria": {
      "has_iron_ingot": "2024-10-10 17:57:37 +0000"
    },
    "done": true
  },
  "minecraft:recipes/combat/iron_sword": {
    "criteria": {
      "has_iron_ingot": "2024-10-10 17:57:37 +0000"
    },
    "done": true
  },
  "minecraft:recipes/tools/iron_pickaxe": {
    "criteria": {
      "has_iron_ingot": "2024-10-10 17:57:37 +0000"
    },
    "done": true
  },
  "minecraft:recipes/combat/shield": {
    "criteria": {
      "has_iron_ingot": "2024-10-10 17:57:37 +0000"
    },
    "done": true
  },
  "minecraft:recipes/redstone/hopper": {
    "criteria": {
      "has_iron_ingot": "2024-10-10 17:57:37 +0000"
    },
    "done": true
  },
  "minecraft:recipes/decorations/iron_bars": {
    "criteria": {
      "has_iron_ingot": "2024-10-10 17:57:37 +0000"
    },
    "done": true
  },
  "minecraft:recipes/combat/iron_boots": {
    "criteria": {
      "has_iron_ingot": "2024-10-10 17:57:37 +0000"
    },
    "done": true
  },
  "minecraft:recipes/decorations/lantern": {
    "criteria": {
      "has_iron_ingot": "2024-10-10 17:57:37 +0000"
    },
    "done": true
  },
  "minecraft:recipes/tools/iron_shovel": {
    "criteria": {
      "has_iron_ingot": "2024-10-10 17:57:37 +0000"
    },
    "done": true
  },
  "minecraft:recipes/redstone/iron_trapdoor": {
    "criteria": {
      "has_iron_ingot": "2024-10-10 17:57:37 +0000"
    },
    "done": true
  },
  "minecraft:recipes/tools/iron_axe": {
    "criteria": {
      "has_iron_ingot": "2024-10-10 17:57:37 +0000"
    },
    "done": true
  },
  "minecraft:recipes/combat/crossbow": {
    "criteria": {
      "has_iron_ingot": "2024-10-10 17:57:37 +0000"
    },
    "done": true
  },
  "minecraft:recipes/redstone/iron_door": {
    "criteria": {
      "has_iron_ingot": "2024-10-10 17:57:37 +0000"
    },
    "done": true
  },
  "minecraft:recipes/redstone/heavy_weighted_pressure_plate": {
    "criteria": {
      "has_iron_ingot": "2024-10-10 17:57:37 +0000"
    },
    "done": true
  },
  "deeperdarker:main/root": {
    "criteria": {
      "deep_dark": "2024-10-10 17:58:29 +0000"
    },
    "done": true
  },
  "deeperdarker:main/find_ancient_city": {
    "criteria": {
      "ancient_city": "2024-10-10 17:58:30 +0000"
    },
    "done": true
  },
  "deeperdarker:recipes/combat/sonorous_staff": {
    "criteria": {
      "has_heart_of_the_deep": "2024-10-10 17:59:14 +0000"
    },
    "done": true
  },
  "deeperdarker:main/enter_otherside": {
    "criteria": {
      "otherside": "2024-10-10 17:59:23 +0000"
    },
    "done": true
  },
  "deeperdarker:main/explore_otherside": {
    "criteria": {
      "overcast_columns": "2024-10-10 18:00:10 +0000",
      "deeplands": "2024-10-10 17:59:23 +0000",
      "blooming_caverns": "2024-10-10 17:59:58 +0000",
      "echoing_forest": "2024-10-10 18:00:15 +0000"
    },
    "done": true
  },
  "deeperdarker:recipes/transportation/echo_boat": {
    "criteria": {
      "in_water": "2024-10-10 18:01:17 +0000"
    },
    "done": true
  },
  "deeperdarker:recipes/transportation/bloom_boat": {
    "criteria": {
      "in_water": "2024-10-10 18:01:17 +0000"
    },
    "done": true
  },
  "minecraft:recipes/transportation/cherry_boat": {
    "criteria": {
      "in_water": "2024-10-10 18:01:17 +0000"
    },
    "done": true
  },
  "minecraft:recipes/transportation/bamboo_raft": {
    "criteria": {
      "in_water": "2024-10-10 18:01:17 +0000"
    },
    "done": true
  },
  "minecraft:recipes/transportation/spruce_boat": {
    "criteria": {
      "in_water": "2024-10-10 18:01:17 +0000"
    },
    "done": true
  },
  "minecraft:recipes/transportation/birch_boat": {
    "criteria": {
      "in_water": "2024-10-10 18:01:17 +0000"
    },
    "done": true
  },
  "minecraft:recipes/transportation/oak_boat": {
    "criteria": {
      "in_water": "2024-10-10 18:01:17 +0000"
    },
    "done": true
  },
  "minecraft:recipes/transportation/mangrove_boat": {
    "criteria": {
      "in_water": "2024-10-10 18:01:17 +0000"
    },
    "done": true
  },
  "minecraft:recipes/transportation/acacia_boat": {
    "criteria": {
      "in_water": "2024-10-10 18:01:17 +0000"
    },
    "done": true
  },
  "minecraft:recipes/transportation/jungle_boat": {
    "criteria": {
      "in_water": "2024-10-10 18:01:17 +0000"
    },
    "done": true
  },
  "minecraft:recipes/transportation/dark_oak_boat": {
    "criteria": {
      "in_water": "2024-10-10 18:01:17 +0000"
    },
    "done": true
  },
  "deeperdarker:recipes/building_blocks/sculk_stone_stairs_from_sculk_stone_stonecutting": {
    "criteria": {
      "has_sculk_stone": "2024-10-10 18:01:18 +0000"
    },
    "done": true
  },
  "deeperdarker:recipes/building_blocks/smooth_sculk_stone_from_smelting_sculk_stone": {
    "criteria": {
      "has_sculk_stone": "2024-10-10 18:01:18 +0000"
    },
    "done": true
  },
  "deeperdarker:recipes/building_blocks/sculk_stone_slab": {
    "criteria": {
      "has_sculk_stone": "2024-10-10 18:01:18 +0000"
    },
    "done": true
  },
  "deeperdarker:recipes/building_blocks/sculk_stone_tile_wall_from_sculk_stone_stonecutting": {
    "criteria": {
      "has_sculk_stone": "2024-10-10 18:01:18 +0000"
    },
    "done": true
  },
  "deeperdarker:recipes/building_blocks/polished_sculk_stone_wall_from_sculk_stone_stonecutting": {
    "criteria": {
      "has_sculk_stone": "2024-10-10 18:01:18 +0000"
    },
    "done": true
  },
  "deeperdarker:recipes/building_blocks/polished_sculk_stone_stairs_from_sculk_stone_stonecutting": {
    "criteria": {
      "has_sculk_stone": "2024-10-10 18:01:18 +0000"
    },
    "done": true
  },
  "deeperdarker:recipes/building_blocks/sculk_stone_stairs": {
    "criteria": {
      "has_sculk_stone": "2024-10-10 18:01:18 +0000"
    },
    "done": true
  },
  "deeperdarker:recipes/building_blocks/sculk_stone_tile_stairs_from_sculk_stone_stonecutting": {
    "criteria": {
      "has_sculk_stone": "2024-10-10 18:01:18 +0000"
    },
    "done": true
  },
  "deeperdarker:recipes/building_blocks/sculk_stone_tiles_from_sculk_stone_stonecutting": {
    "criteria": {
      "has_sculk_stone": "2024-10-10 18:01:18 +0000"
    },
    "done": true
  },
  "deeperdarker:recipes/building_blocks/sculk_stone_wall_from_sculk_stone_stonecutting": {
    "criteria": {
      "has_sculk_stone": "2024-10-10 18:01:18 +0000"
    },
    "done": true
  },
  "deeperdarker:recipes/building_blocks/polished_sculk_stone_slab_from_sculk_stone_stonecutting": {
    "criteria": {
      "has_sculk_stone": "2024-10-10 18:01:18 +0000"
    },
    "done": true
  },
  "deeperdarker:recipes/building_blocks/polished_sculk_stone": {
    "criteria": {
      "has_sculk_stone": "2024-10-10 18:01:18 +0000"
    },
    "done": true
  },
  "deeperdarker:recipes/building_blocks/sculk_stone_wall": {
    "criteria": {
      "has_sculk_stone": "2024-10-10 18:01:18 +0000"
    },
    "done": true
  },
  "deeperdarker:recipes/building_blocks/sculk_stone_brick_slab_from_sculk_stone_stonecutting": {
    "criteria": {
      "has_sculk_stone": "2024-10-10 18:01:18 +0000"
    },
    "done": true
  },
  "deeperdarker:recipes/building_blocks/polished_sculk_stone_from_sculk_stone_stonecutting": {
    "criteria": {
      "has_sculk_stone": "2024-10-10 18:01:18 +0000"
    },
    "done": true
  },
  "deeperdarker:recipes/building_blocks/sculk_stone_tile_slab_from_sculk_stone_stonecutting": {
    "criteria": {
      "has_sculk_stone": "2024-10-10 18:01:18 +0000"
    },
    "done": true
  },
  "deeperdarker:recipes/building_blocks/sculk_stone_bricks_from_sculk_stone_stonecutting": {
    "criteria": {
      "has_sculk_stone": "2024-10-10 18:01:18 +0000"
    },
    "done": true
  },
  "deeperdarker:recipes/building_blocks/sculk_stone_brick_stairs_from_sculk_stone_stonecutting": {
    "criteria": {
      "has_sculk_stone": "2024-10-10 18:01:18 +0000"
    },
    "done": true
  },
  "deeperdarker:recipes/building_blocks/chiseled_sculk_stone_from_sculk_stone_stonecutting": {
    "criteria": {
      "has_sculk_stone": "2024-10-10 18:01:18 +0000"
    },
    "done": true
  },
  "deeperdarker:recipes/building_blocks/sculk_stone_slab_from_sculk_stone_stonecutting": {
    "criteria": {
      "has_sculk_stone": "2024-10-10 18:01:18 +0000"
    },
    "done": true
  },
  "deeperdarker:recipes/building_blocks/sculk_stone_brick_wall_from_sculk_stone_stonecutting": {
    "criteria": {
      "has_sculk_stone": "2024-10-10 18:01:18 +0000"
    },
    "done": true
  },
  "deeperdarker:main/kill_all_sculk_mobs": {
    "criteria": {
      "shattered": "2024-10-10 18:01:41 +0000"
    },
    "done": false
  },
  "minecraft:recipes/decorations/chest": {
    "criteria": {
      "has_lots_of_items": "2024-10-10 18:12:53 +0000"
    },
    "done": true
  },
  "minecraft:recipes/building_blocks/stone_bricks": {
    "criteria": {
      "has_stone": "2024-10-10 18:15:16 +0000"
    },
    "done": true
  },
  "minecraft:recipes/building_blocks/stone_bricks_from_stone_stonecutting": {
    "criteria": {
      "has_stone": "2024-10-10 18:15:16 +0000"
    },
    "done": true
  },
  "minecraft:recipes/building_blocks/stone_slab": {
    "criteria": {
      "has_stone": "2024-10-10 18:15:16 +0000"
    },
    "done": true
  },
  "minecraft:recipes/building_blocks/stone_stairs_from_stone_stonecutting": {
    "criteria": {
      "has_stone": "2024-10-10 18:15:16 +0000"
    },
    "done": true
  },
  "minecraft:recipes/redstone/stone_button": {
    "criteria": {
      "has_stone": "2024-10-10 18:15:16 +0000"
    },
    "done": true
  },
  "minecraft:recipes/decorations/stonecutter": {
    "criteria": {
      "has_stone": "2024-10-10 18:15:16 +0000"
    },
    "done": true
  },
  "minecraft:recipes/redstone/stone_pressure_plate": {
    "criteria": {
      "has_stone": "2024-10-10 18:15:16 +0000"
    },
    "done": true
  },
  "minecraft:recipes/building_blocks/smooth_stone": {
    "criteria": {
      "has_stone": "2024-10-10 18:15:16 +0000"
    },
    "done": true
  },
  "minecraft:recipes/decorations/stone_brick_walls_from_stone_stonecutting": {
    "criteria": {
      "has_stone": "2024-10-10 18:15:16 +0000"
    },
    "done": true
  },
  "minecraft:recipes/building_blocks/stone_brick_slab_from_stone_stonecutting": {
    "criteria": {
      "has_stone": "2024-10-10 18:15:16 +0000"
    },
    "done": true
  },
  "minecraft:recipes/building_blocks/stone_brick_stairs_from_stone_stonecutting": {
    "criteria": {
      "has_stone": "2024-10-10 18:15:16 +0000"
    },
    "done": true
  },
  "minecraft:recipes/building_blocks/stone_slab_from_stone_stonecutting": {
    "criteria": {
      "has_stone": "2024-10-10 18:15:16 +0000"
    },
    "done": true
  },
  "minecraft:recipes/building_blocks/chiseled_stone_bricks_stone_from_stonecutting": {
    "criteria": {
      "has_stone": "2024-10-10 18:15:16 +0000"
    },
    "done": true
  },
  "minecraft:recipes/building_blocks/stone_stairs": {
    "criteria": {
      "has_stone": "2024-10-10 18:15:16 +0000"
    },
    "done": true
  },
  "DataVersion": 3955
}