{
  "deeperdarker:main/enter_otherside": {
    "criteria": {
      "otherside": "2024-10-10 18:28:26 +0000"
    },
    "done": true
  },
  "deeperdarker:main/root": {
    "criteria": {
      "deep_dark": "2024-10-10 18:28:20 +0000"
    },
    "done": true
  },
  "deeperdarker:recipes/misc/lapis_lazuli_from_blasting_sculk_stone_lapis_ore": {
    "criteria": {
      "has_sculk_stone_lapis_ore": "2024-10-10 18:28:58 +0000"
    },
    "done": true
  },
  "deeperdarker:recipes/misc/lapis_lazuli_from_smelting_sculk_stone_lapis_ore": {
    "criteria": {
      "has_sculk_stone_lapis_ore": "2024-10-10 18:28:58 +0000"
    },
    "done": true
  },
  "minecraft:recipes/decorations/crafting_table": {
    "criteria": {
      "unlock_right_away": "2024-10-10 18:26:25 +0000"
    },
    "done": true
  },
  "minecraft:recipes/decorations/chest": {
    "criteria": {
      "has_lots_of_items": "2024-10-10 18:34:14 +0000"
    },
    "done": true
  },
  "deeperdarker:main/find_ancient_city": {
    "criteria": {
      "ancient_city": "2024-10-10 18:28:22 +0000"
    },
    "done": true
  },
  "minecraft:nether/netherite_armor": {
    "criteria": {
      "netherite_armor": "2024-10-10 18:30:38 +0000"
    },
    "done": true
  },
  "deeperdarker:main/explore_otherside": {
    "criteria": {
      "deeplands": "2024-10-10 18:28:26 +0000"
    },
    "done": false
  },
  "minecraft:adventure/adventuring_time": {
    "criteria": {
      "minecraft:eroded_badlands": "2024-10-10 18:27:07 +0000",
      "minecraft:desert": "2024-10-10 18:26:26 +0000",
      "minecraft:deep_dark": "2024-10-10 18:28:20 +0000",
      "minecraft:lush_caves": "2024-10-10 18:28:05 +0000",
      "minecraft:savanna": "2024-10-10 18:27:22 +0000",
      "minecraft:wooded_badlands": "2024-10-10 18:28:03 +0000"
    },
    "done": false
  },
  "minecraft:story/root": {
    "criteria": {
      "crafting_table": "2024-10-10 18:29:26 +0000"
    },
    "done": true
  },
  "minecraft:recipes/misc/mojang_banner_pattern": {
    "criteria": {
      "has_enchanted_golden_apple": "2024-10-10 18:30:49 +0000"
    },
    "done": true
  },
  "DataVersion": 3955
}