{
  "minecraft:recipes/decorations/crafting_table": {
    "criteria": {
      "unlock_right_away": "2024-10-10 18:26:25 +0000"
    },
    "done": true
  },
  "minecraft:adventure/adventuring_time": {
    "criteria": {
      "minecraft:eroded_badlands": "2024-10-10 18:27:07 +0000",
      "minecraft:desert": "2024-10-10 18:26:26 +0000",
      "minecraft:deep_dark": "2024-10-10 18:28:20 +0000",
      "minecraft:lush_caves": "2024-10-10 18:28:05 +0000",
      "minecraft:savanna": "2024-10-10 18:27:22 +0000",
      "minecraft:wooded_badlands": "2024-10-10 18:28:03 +0000"
    },
    "done": false
  },
  "deeperdarker:main/root": {
    "criteria": {
      "deep_dark": "2024-10-10 18:28:20 +0000"
    },
    "done": true
  },
  "deeperdarker:main/find_ancient_city": {
    "criteria": {
      "ancient_city": "2024-10-10 18:28:22 +0000"
    },
    "done": true
  },
  "deeperdarker:main/enter_otherside": {
    "criteria": {
      "otherside": "2024-10-10 18:28:26 +0000"
    },
    "done": true
  },
  "deeperdarker:main/explore_otherside": {
    "criteria": {
      "deeplands": "2024-10-10 18:28:26 +0000"
    },
    "done": false
  },
  "deeperdarker:recipes/misc/lapis_lazuli_from_blasting_sculk_stone_lapis_ore": {
    "criteria": {
      "has_sculk_stone_lapis_ore": "2024-10-10 18:28:58 +0000"
    },
    "done": true
  },
  "deeperdarker:recipes/misc/lapis_lazuli_from_smelting_sculk_stone_lapis_ore": {
    "criteria": {
      "has_sculk_stone_lapis_ore": "2024-10-10 18:28:58 +0000"
    },
    "done": true
  },
  "minecraft:story/root": {
    "criteria": {
      "crafting_table": "2024-10-10 18:29:26 +0000"
    },
    "done": true
  },
  "minecraft:nether/netherite_armor": {
    "criteria": {
      "netherite_armor": "2024-10-10 18:30:38 +0000"
    },
    "done": true
  },
  "minecraft:recipes/misc/mojang_banner_pattern": {
    "criteria": {
      "has_enchanted_golden_apple": "2024-10-10 18:30:49 +0000"
    },
    "done": true
  },
  "minecraft:recipes/decorations/chest": {
    "criteria": {
      "has_lots_of_items": "2024-10-10 18:34:14 +0000"
    },
    "done": true
  },
  "minecraft:recipes/decorations/smoker": {
    "criteria": {
      "has_furnace": "2024-10-10 18:37:03 +0000"
    },
    "done": true
  },
  "deeperdarker:recipes/misc/gold_ingot_from_smelting_sculk_stone_gold_ore": {
    "criteria": {
      "has_sculk_stone_gold_ore": "2024-10-10 18:37:40 +0000"
    },
    "done": true
  },
  "deeperdarker:recipes/misc/gold_ingot_from_blasting_sculk_stone_gold_ore": {
    "criteria": {
      "has_sculk_stone_gold_ore": "2024-10-10 18:37:40 +0000"
    },
    "done": true
  },
  "minecraft:recipes/building_blocks/light_blue_stained_glass": {
    "criteria": {
      "has_glass": "2024-10-10 18:39:16 +0000"
    },
    "done": true
  },
  "minecraft:recipes/building_blocks/green_stained_glass": {
    "criteria": {
      "has_glass": "2024-10-10 18:39:16 +0000"
    },
    "done": true
  },
  "minecraft:recipes/building_blocks/brown_stained_glass": {
    "criteria": {
      "has_glass": "2024-10-10 18:39:16 +0000"
    },
    "done": true
  },
  "minecraft:recipes/building_blocks/blue_stained_glass": {
    "criteria": {
      "has_glass": "2024-10-10 18:39:16 +0000"
    },
    "done": true
  },
  "minecraft:recipes/building_blocks/orange_stained_glass": {
    "criteria": {
      "has_glass": "2024-10-10 18:39:16 +0000"
    },
    "done": true
  },
  "minecraft:recipes/building_blocks/pink_stained_glass": {
    "criteria": {
      "has_glass": "2024-10-10 18:39:16 +0000"
    },
    "done": true
  },
  "minecraft:recipes/building_blocks/black_stained_glass": {
    "criteria": {
      "has_glass": "2024-10-10 18:39:16 +0000"
    },
    "done": true
  },
  "minecraft:recipes/building_blocks/gray_stained_glass": {
    "criteria": {
      "has_glass": "2024-10-10 18:39:16 +0000"
    },
    "done": true
  },
  "minecraft:recipes/building_blocks/lime_stained_glass": {
    "criteria": {
      "has_glass": "2024-10-10 18:39:16 +0000"
    },
    "done": true
  },
  "minecraft:recipes/decorations/glass_pane": {
    "criteria": {
      "has_glass": "2024-10-10 18:39:16 +0000"
    },
    "done": true
  },
  "minecraft:recipes/building_blocks/magenta_stained_glass": {
    "criteria": {
      "has_glass": "2024-10-10 18:39:16 +0000"
    },
    "done": true
  },
  "minecraft:recipes/building_blocks/white_stained_glass": {
    "criteria": {
      "has_glass": "2024-10-10 18:39:16 +0000"
    },
    "done": true
  },
  "minecraft:recipes/building_blocks/red_stained_glass": {
    "criteria": {
      "has_glass": "2024-10-10 18:39:16 +0000"
    },
    "done": true
  },
  "minecraft:recipes/brewing/glass_bottle": {
    "criteria": {
      "has_glass": "2024-10-10 18:39:16 +0000"
    },
    "done": true
  },
  "minecraft:recipes/building_blocks/light_gray_stained_glass": {
    "criteria": {
      "has_glass": "2024-10-10 18:39:16 +0000"
    },
    "done": true
  },
  "minecraft:recipes/building_blocks/cyan_stained_glass": {
    "criteria": {
      "has_glass": "2024-10-10 18:39:16 +0000"
    },
    "done": true
  },
  "minecraft:recipes/building_blocks/purple_stained_glass": {
    "criteria": {
      "has_glass": "2024-10-10 18:39:16 +0000"
    },
    "done": true
  },
  "minecraft:recipes/building_blocks/yellow_stained_glass": {
    "criteria": {
      "has_glass": "2024-10-10 18:39:16 +0000"
    },
    "done": true
  },
  "minecraft:adventure/avoid_vibration": {
    "criteria": {
      "avoid_vibration": "2024-10-10 18:40:13 +0000"
    },
    "done": true
  },
  "minecraft:adventure/root": {
    "criteria": {
      "killed_something": "2024-10-10 18:40:22 +0000"
    },
    "done": true
  },
  "deeperdarker:main/kill_all_sculk_mobs": {
    "criteria": {
      "shattered": "2024-10-10 18:40:22 +0000"
    },
    "done": false
  },
  "deeperdarker:recipes/combat/sonorous_staff": {
    "criteria": {
      "has_sculk_bone": "2024-10-10 18:40:23 +0000"
    },
    "done": true
  },
  "DataVersion": 3955
}